document_type,owner_center,submitter_roles,required_attachments,usual_workflow,expected_turnaround,common_request_info_reasons,common_rejection_reasons,notes,status
Academic Advising Monitoring Sheet-A,CSA,program_chair; staff; faculty,Date submitted; program chair name; college; program; term/academic year; student name; expected time of graduation; concerns; action taken,Program Chair/Faculty Entry > CSA Review,Needs confirmation,Missing student name; missing term/academic year; unclear concern; missing action taken,Wrong advising sheet; private advising details submitted in wrong channel,Fields verified from SharePoint List metadata; CSA is Center for Student Advising,SharePoint metadata verified 2026-07-09
Academic Advising Monitoring Sheet-B,CSA,program_chair; staff; faculty,Date submitted; program chair name; college; program; term/academic year; student name; issues discussed; action taken,Program Chair/Faculty Entry > CSA Review,Needs confirmation,Missing issue discussed; missing action taken; unclear term,Wrong advising sheet; unrelated student record,Fields verified from SharePoint List metadata,SharePoint metadata verified 2026-07-09
Acceptance of Advisorship,CSAD,org_officer; adviser,Date submitted; organization name; purpose/objectives; academic year; adviser name; adviser email,Adviser Review > CSAD Review,Needs confirmation,Missing adviser name/email; missing organization name; missing purpose/objectives,Wrong organization document; adviser not identified,"SharePoint fields include Adviser, Adviser's Remarks, CSAD, and CSAD Remarks",SharePoint metadata verified 2026-07-09
Application for Renewal of Organization,CSAD,org_officer,Date submitted; classification; official full and short organization names; purpose/objectives; academic year/term,CSAD Review,Needs confirmation,Missing organization name; missing classification; missing academic year/term,Duplicate or unrelated organization request; organization not eligible through this workflow,SharePoint fields include CSAD and CSAD Remarks,SharePoint metadata verified 2026-07-09
Authorization to Join Student Organization,CSAD,student; org_officer,Date submitted; student name; student number; program/year; organization name; parent/guardian name,CSAD Review,Needs confirmation,Missing student number; missing parent/guardian name; missing organization name,Wrong form; incomplete authorization; unrelated file,Use generic placeholders for student and guardian data in AI examples,SharePoint metadata verified 2026-07-09
Bio-data of Elected Officers,CSAD,org_officer,Officer biodata details; organization context,CSAD Review,Needs confirmation,Missing officer information; missing organization context,Wrong document type; live officer personal data exposed unnecessarily,SharePoint list exists but exposed only minimal field metadata,Needs human confirmation
Certificate of Candidacy for Student Council Position (College),CSAD,student; org_officer,Date submitted; position; college; school year; candidate name; program/year; party if any; units; previous term TWA; applicant name; dean email; short essay,College Dean Review > SAO Electoral Board Review,Needs confirmation,Missing position; missing college; missing applicant details; missing dean email; missing short essay,Wrong election form; not for college student council; missing eligibility details,"Fields include College Dean, College Dean Remarks, SAO Electoral Board, and SAO EB Remarks",SharePoint metadata verified 2026-07-09
Fund Raising Activity Form,CSAD,org_officer,Date submitted; organization name; proposed fund raising activity; dates; times; venue; objectives; activity details; adviser email,Adviser Review > CSAD Review > CFO Review > EVP-COO Review,Needs confirmation,Missing activity dates/times; missing venue; missing adviser email; missing objectives/details,Wrong activity form; activity outside allowed workflow; budget/finance review missing,"Fields include Adviser, CSAD, CFO, and EVP-COO review remarks",SharePoint metadata verified 2026-07-09
Good Moral Character Certificate,CSAD,student,Date; student number; student name; program/strand; gender; number of copies; reason for request; contact number,SAO/CSAD Review,Needs confirmation,Missing student number; missing reason for request; missing contact number; unclear number of copies,Wrong certificate request; cannot verify identity; discipline/clearance issue requires human review,Fields verified from SharePoint; avoid exposing student identity in training examples,SharePoint metadata verified 2026-07-09
Letter of Explanation,CSAD,student,Date submitted; student infraction notice number; offense-related category; explanation; student name; student number; program/year; email; contact number,Student Submission > CSAD Review,Needs confirmation,Missing infraction notice number; missing explanation; missing student identifiers needed by reviewer,Unrelated explanation; wrong infraction reference; inappropriate or incomplete response,Disciplinary context requires careful human review,SharePoint metadata verified 2026-07-09
MCL Study Aid Form,CSFA,student; employee; staff,Date submitted; employee name/number; office/department/college; term and year applied; employee email; student name/number; program/year,HRMO Manager Review > CSAD Review > CSFA Review > SAO Director Review,Needs confirmation,Missing employee information; missing student information; missing term/year; unclear relationship,Wrong financial aid channel; eligibility cannot be confirmed by AI,"Fields include HRMO Manager, CSAD, CSFA, and SAO Director remarks",SharePoint metadata verified 2026-07-09
Off-Campus Activity Form,CSAD,org_officer; adviser,Date submitted; organizer; proposed activity; date range; time; venue; objectives; activity details; president name/email; adviser name/email,Adviser Review > CSAD Review,Needs confirmation,Missing proposed venue; missing dates/times; missing adviser or president email; incomplete activity details,Wrong activity form; off-campus details insufficient; activity outside workflow,Fields include Adviser Remarks and CSAD Remarks,SharePoint metadata verified 2026-07-09
Peer Mentor Information Form,CSA,student; peer_mentor,Student name; peer mentor information,CSA Review,Needs confirmation,Missing student/mentor information,Wrong mentoring form; sensitive details included unnecessarily,Minimal field metadata exposed; confirm official requirements,Needs human confirmation
Peer Mentoring Monitoring Sheet,CSA,peer_mentor; adviser; staff,Date submitted; peer mentor name; college; program; academic organization; term/academic year; date; mentee name; program/year; areas of concern; action taken; observed outcomes; adviser name/email,Adviser Review > CSA Recordkeeping,Needs confirmation,Missing mentee name; missing areas of concern; missing action taken; missing adviser email,Wrong monitoring sheet; sensitive student concern not appropriate for AI summary,Summarize sensitive concerns minimally,SharePoint metadata verified 2026-07-09
Peer Mentoring Session Summary,CSA,adviser; peer_mentor; staff,Date submitted; adviser name; college; academic organization; term/academic year; peer mentor name; total number of mentees; areas of concern,CSA Review,Needs confirmation,Missing total mentees; missing areas of concern; missing term/academic year,Wrong session summary; private counseling/advising details overexposed,Fields include CSA and CSA Remarks,SharePoint metadata verified 2026-07-09
Peer Mentoring Webinar (College),CSA,student,Student name; student number; mobile number; academic year; academic program; term; course; specific learning topics; agreement/consent,SAO/CSA Review,Needs confirmation,Missing student number; missing course/topic; missing agreement,Wrong mentoring request; personal contact data exposed unnecessarily,Older form metadata; confirm active use,SharePoint metadata verified 2026-07-09
Peer Tutorial/Mentoring Request Form (College),CSA,student,Student name; student number; mobile number; academic year; academic program; term; course; specific learning topics; date and time,SAO/CSA Review,Needs confirmation,Missing course; missing topic; missing date/time; missing contact number,Wrong mentoring request; request outside college mentoring scope,Fields include SAO and SAO Remarks,SharePoint metadata verified 2026-07-09
Request for Zoom Meeting Link,SAO,staff; faculty; org_officer,Date of submission; event title; meeting date; time from/to; host name; estimated participants; MCL email address; college/department,SAO Review,Needs confirmation,Missing event title; missing date/time; missing host email; missing participant estimate,Wrong request channel; non-MCL email or unsupported event context,Fields include SAO and SAO Remarks,SharePoint metadata verified 2026-07-09
Scholarship Application Form,CSFA,student,Date submitted; ID picture; scholarship title; name; gender; age; civil status; student number; program/year; addresses; mobile; email; citizenship; birthday; parent/guardian details; health/disability disclosures if required,CSFA Review,Needs confirmation,Missing scholarship title; missing student number; missing contact details; missing required personal/family data,Wrong scholarship form; eligibility cannot be determined; private data incomplete or inappropriate,Highly sensitive financial/personal data; AI must not determine eligibility,SharePoint metadata verified 2026-07-09
Scholarship Validation Form,CSFA,student,Date submitted; student name/number; program/year; contact number; scholarship title; academic year; term; previous term TWA; admission status; GWA; email,CSFA Review > SAO Director Review,Needs confirmation,Missing TWA/GWA; missing scholarship title; missing academic year/term; missing email,Wrong validation cycle; AI cannot validate eligibility or award,Fields include CSFA and SAO Director remarks,SharePoint metadata verified 2026-07-09
Scholarship Validation Form v2.0,CSFA,student,Date; student name/number; mobile; academic year; academic level; grade/year level; program/strand; term/semester; scholarship/discount title; term weighted average; supporting documents; confirmation,CSFA Review > SAO Director Review,Needs confirmation,Missing supporting documents; missing confirmation; missing TWA; missing scholarship/discount title,Wrong version; incomplete academic details; eligibility cannot be confirmed,"Use v2.0 when prompt mentions grade/year level, term weighted average, and supporting documents",SharePoint metadata verified 2026-07-09
Sibling Discount Application Form,CSFA,student; parent_guardian,Date submitted; applicant student name/number/program; sibling names; sibling student numbers; sibling programs/years,CSFA Review,Needs confirmation,Missing sibling details; missing student numbers; unclear applicant/sibling relationship,Wrong discount form; duplicate or unsupported request; eligibility cannot be confirmed,Contains family information; do not expose in examples,SharePoint metadata verified 2026-07-09
Sibling Discount Application Form v2.0,CSFA,student; parent_guardian,Date; new applicant flag; PSA birth certificate; oldest student details; proof of enrollment; sibling details; confirmation,CSFA Review,Needs confirmation,Missing PSA birth certificate; missing proof of enrollment; missing confirmation; incomplete sibling details,Wrong version; missing relationship proof; eligibility cannot be confirmed,Use v2.0 when PSA birth certificate and proof of enrollment are mentioned,SharePoint metadata verified 2026-07-09
Student Activity Form,CSAD,org_officer; adviser,Date submitted; organization name; proposed activity; activity date/time; venue; objectives; activity details; president name/email; adviser name/email,Adviser Review > CSAD Head Review,Needs confirmation,Missing activity date/time; missing venue; missing adviser email; missing president email; incomplete objectives/details,Wrong activity form; activity not sufficiently described; missing adviser review,"Fields include Adviser Remarks, CSAD Head, and CSAD Head Remarks",SharePoint metadata verified 2026-07-09
Student Infraction Notice (Major Offense),CSAD,staff; student,Date submitted; infraction number; issued to; student number; program/year; infraction date; date reported; reported by/position; offense category; description; details; student email,Student Acknowledgment/Remarks > CSAD Review,Needs confirmation,Missing infraction number; missing offense category; missing details; missing student email,Wrong offense type; incomplete notice; disciplinary case requires human review,"AI must not determine guilt, sanction, or clearance status",SharePoint metadata verified 2026-07-09
Student Infraction Notice (Minor Offense),CSAD,staff; student,Date submitted; infraction number; issued to; student number; program/year; infraction date; date reported; reported by/position; offense category; description; details; student email,Student Acknowledgment/Remarks > CSAD Review,Needs confirmation,Missing infraction number; missing offense category; missing details; missing student email,Wrong offense type; incomplete notice; disciplinary case requires human review,"AI must not determine guilt, sanction, or clearance status",SharePoint metadata verified 2026-07-09
Submission of Requirements for Midyear Term F2F Classes,SAO,student,Date; data privacy statement; student number; surname; first name; college/institute; year level; birth date; vaccination card; MCL informed consent form; affirmation,SAO Review,Needs confirmation,Missing vaccination card; missing informed consent; missing affirmation; missing student number,Wrong term/form; health or consent document missing,Health/consent data is sensitive; do not train on submitted rows,SharePoint metadata verified 2026-07-09
Submission of Requirements for Midyear-Term College Assemblies,SAO,student,Date; student number; surname; first name; college/institute; vaccination card; student informed consent form,SAO Review,Needs confirmation,Missing vaccination card; missing informed consent; missing student number,Wrong assembly requirement form; incomplete health/consent documents,Health/consent data is sensitive; do not train on submitted rows,SharePoint metadata verified 2026-07-09
Submission of Requirements for SY 2022-2023,SAO,student,Date; student number; surname; first name; college/institute; vaccination card; student informed consent form,SAO Review,Needs confirmation,Missing vaccination card; missing informed consent; missing student number,Wrong school-year requirement form; incomplete health/consent documents,Health/consent data is sensitive; do not train on submitted rows,SharePoint metadata verified 2026-07-09
Scholarship Undertaking - MMCL DNA of Excellence,CSFA,student; parent or guardian,scholarship notice or instruction; signed undertaking; student details; parent or guardian signature; current CSFA validation requirements,CSFA validation > student and parent/guardian undertaking > SAO/CSFA record,Confirm with CSFA,missing scholarship variant; missing school year; unsigned undertaking; unclear parent/guardian details; other scholarships not disclosed,not validated by CSFA; incomplete undertaking; eligibility not confirmed; scholarship not available for term; discipline or conduct condition unresolved,"AY/SY 2026-2027 templates included 100, 50, and 25 variants. Do not guarantee benefit amount.",verified_second_sweep
Scholarship Undertaking - E.T. Yuchengco Institutional Scholarship,CSFA,student; parent or guardian,scholarship notice or instruction; signed undertaking; validation documents; parent or guardian signature,CSFA validation > undertaking review > scholarship record,Confirm with CSFA,missing student level; missing SHS or College-SHS Graduate variant; incomplete supporting documents,incomplete requirements; eligibility not validated; program not available; conduct condition unresolved,Templates found for SHS and College-SHS Graduate variants for AY/SY 2026-2027.,verified_second_sweep
Scholarship Undertaking - Mapua MCL SHS WES,CSFA,student; parent or guardian,scholarship notice or instruction; signed undertaking; validation documents; parent or guardian signature,CSFA validation > undertaking review > scholarship record,Confirm with CSFA,missing 25 or 50 variant; missing school year; unsigned undertaking,incomplete requirements; eligibility not validated; program not available; conduct condition unresolved,Templates found for 25 and 50 variants for SY 2026-2027.,verified_second_sweep
Scholarship Undertaking - Academic Achievement Incentive,CSFA,student; parent or guardian,CSFA scholarship email or notice; signed undertaking; validation form; parent or guardian signature; current CSFA requirements,CSFA notification > student acceptance/validation > parent/guardian undertaking > scholarship record,Confirm with CSFA,missing email or notice; missing 25 or 50 variant; missing GWA basis; missing parent/guardian signature; unclear deadline,not in qualified list; missed current deadline; incomplete validation; strand shifting condition unresolved; conduct condition unresolved,"SY 2026-2027 templates included 25 and 50 variants. Source email mentioned June 24, 2026, but do not reuse as a current deadline.",verified_second_sweep
AC Promotional Discount Application Form,CSFA,student; parent or guardian when required,completed application form; proof of qualification; current CSFA requirements,student submission > CSFA validation > approval/recording,Confirm with CSFA,missing proof of qualification; incomplete application; unclear term or school year,not eligible; incomplete requirements; program not available for term,Application form found in second SharePoint sweep.,verified_second_sweep
YGC Promotional Discount Application Form,CSFA,student; parent or guardian when required,completed application form; proof of qualification; current CSFA requirements,student submission > CSFA validation > approval/recording,Confirm with CSFA,missing proof of qualification; incomplete application; unclear term or school year,not eligible; incomplete requirements; program not available for term,Application form found in second SharePoint sweep.,verified_second_sweep
Scholarship Acceptance Confirmation,CSFA,student; parent or guardian when required,confirmation form; scholarship notice; student details; parent or guardian details when required,student confirms acceptance > CSFA validates > scholarship record updated,Confirm with CSFA,missing scholarship variant; missing notice; unsigned form; unclear acceptance or refusal,missed current deadline; incomplete confirmation; eligibility not validated,Second sweep found 100 and 50 scholarship acceptance confirmation forms.,verified_second_sweep
Student Online Co-Curricular Activity Form,CSAD,student organization officer; adviser,activity details; adviser approval; participant information; online platform; current CSAD online form requirements,organization/adviser preparation > CSAD online submission > CSAD review/approval,Supplemental guideline references at least 7 days before activity; confirm current CSAD deadline,missing adviser approval; unclear platform; missing activity purpose; submitted too close to date,unrecognized organizer; incomplete activity details; no adviser approval; activity conflicts with policy,Derived from supplemental online student discipline/activity guidelines.,verified_second_sweep
Post-Event or Campus Activity Report,CSAD,student organization officer; adviser,completed post-event report; attendance or participant data; photos or documentation if required; evaluation; financial report if fund raising,activity completion > adviser review > CSAD submission,Confirm with CSAD,missing attendance; missing evaluation; missing adviser certification; no financial report for fund raising,incomplete report; unsupported expenses; late or missing documentation,Policy set references post-event/campus activity reports and fund raising reports.,verified_second_sweep
Student Organization Financial Report,CSAD,student organization officer; adviser,audited financial report; receipts or supporting documents; book of accounts; fund raising approval reference,activity/fund raising completion > audited report > CSAD and finance review,Fund raising source references within one week after activity; confirm current CSAD deadline,missing receipts; missing adviser review; unclear proceeds; book of accounts unavailable,unapproved fund raising; unsupported expenses; incomplete accounting; late report,CSAD handbook revision references detailed audited financial report and book of accounts.,verified_second_sweep
Parental or Guardian Consent Form,CSAD,student; parent or guardian; adviser,signed consent; activity details; participant information; current CSAD consent template,student secures consent > adviser/organizer compiles > CSAD submission,Confirm with CSAD,unsigned consent; incomplete activity details; parent/guardian contact missing; mismatch with participant list,missing consent for required activity; incomplete form; late submission,Activity IRR material references signed parental consent for applicable activities.,verified_second_sweep
